Load (%),Water Flow Rate (kg/s),Feedwater Outlet Temp (C),Steam Load (kg/s)
60.0,1.0,188.29525445744903,0.2564926606818262
60.0,1.1,175.72295859768093,0.2564926606818262
60.0,1.2,165.24604538120752,0.2564926606818262
60.0,1.3,156.38096496726848,0.2564926606818262
60.0,1.4,148.78232461246358,0.2564926606818262
60.0,1.5,142.19683630496598,0.2564926606818262
60.0,1.6,136.43453403590564,0.2564926606818262
60.0,1.7,131.35014968085235,0.2564926606818262
60.0,1.8,126.830696920805,0.2564926606818262
60.0,1.9,122.7869760302363,0.2564926606818262
60.0,2.0,119.14762722872449,0.2564926606818262
60.0,2.1,115.8548830749757,0.2564926606818262
60.0,2.2,112.86147929884044,0.2564926606818262
60.0,2.3,110.1283715032387,0.2564926606818262
60.0,2.4,107.62302269060373,0.2564926606818262
60.0,2.5,105.3181017829796,0.2564926606818262
60.0,2.6,103.19048248363421,0.2564926606818262
60.0,2.7,101.22046461386998,0.2564926606818262
60.0,2.8,99.39116230623178,0.2564926606818262
60.0,2.9,97.68801877843069,0.2564926606818262
60.0,3.0,96.09841815248299,0.2564926606818262
60.0,3.1,94.6113724056287,0.2564926606818262
60.0,3.2,93.21726701795279,0.2564926606818262
60.0,3.3,91.90765286589362,0.2564926606818262
60.0,3.4,90.67507484042616,0.2564926606818262
60.0,3.5,89.51292984498542,0.2564926606818262
60.0,3.6,88.4153484604025,0.2564926606818262
60.0,3.7,87.37709579931052,0.2564926606818262
60.0,3.8,86.39348801511815,0.2564926606818262
60.0,3.9,85.46032165575613,0.2564926606818262
60.0,4.0,84.57381361436224,0.2564926606818262
60.0,4.1,83.73054986767048,0.2564926606818262
60.0,4.2,82.92744153748785,0.2564926606818262
60.0,4.3,82.16168708312767,0.2564926606818262
60.0,4.4,81.43073964942022,0.2564926606818262
60.0,4.5,80.73227876832199,0.2564926606818262
60.0,4.6,80.06418575161933,0.2564926606818262
60.0,4.7,79.42452222498915,0.2564926606818262
60.0,4.8,78.81151134530187,0.2564926606818262
60.0,4.9,78.22352131784672,0.2564926606818262
60.0,5.0,77.65905089148978,0.2564926606818262
62.0,1.0,192.44411209117254,0.26418744050228105
62.0,1.1,179.4946473556114,0.26418744050228105
62.0,1.2,168.70342674264379,0.26418744050228105
62.0,1.3,159.57239391628656,0.26418744050228105
62.0,1.4,151.7457943508375,0.26418744050228105
62.0,1.5,144.962741394115,0.26418744050228105
62.0,1.6,139.02757005698282,0.26418744050228105
62.0,1.7,133.79065417127794,0.26418744050228105
62.0,1.8,129.13561782842916,0.26418744050228105
62.0,1.9,124.97058531114341,0.26418744050228105
62.0,2.0,121.22205604558624,0.26418744050228105
62.0,2.1,117.83052956722499,0.26418744050228105
62.0,2.2,114.74732367780567,0.26418744050228105
62.0,2.3,111.93222264833585,0.26418744050228105
62.0,2.4,109.35171337132186,0.26418744050228105
62.0,2.5,106.97764483646898,0.26418744050228105
62.0,2.6,104.78619695814325,0.26418744050228105
62.0,2.7,102.75707855228609,0.26418744050228105
62.0,2.8,100.87289717541873,0.26418744050228105
62.0,2.9,99.1186593417836,0.26418744050228105
62.0,3.0,97.48137069705749,0.26418744050228105
62.0,3.1,95.94971357779757,0.26418744050228105
62.0,3.2,94.51378502849138,0.26418744050228105
62.0,3.3,93.16488245187044,0.26418744050228105
62.0,3.4,91.89532708563897,0.26418744050228105
62.0,3.5,90.69831774033499,0.26418744050228105
62.0,3.6,89.56780891421457,0.26418744050228105
62.0,3.7,88.49840867328984,0.26418744050228105
62.0,3.8,87.4852926555717,0.26418744050228105
62.0,3.9,86.52413130542882,0.26418744050228105
62.0,4.0,85.6110280227931,0.26418744050228105
62.0,4.1,84.7424663637006,0.26418744050228105
62.0,4.2,83.91526478361249,0.26418744050228105
62.0,4.3,83.1265376956215,0.26418744050228105
62.0,4.4,82.37366183890282,0.26418744050228105
62.0,4.5,81.65424713137165,0.26418744050228105
62.0,4.6,80.96611132416793,0.26418744050228105
62.0,4.7,80.30725789173883,0.26418744050228105
62.0,4.8,79.67585668566093,0.26418744050228105
62.0,4.9,79.07022695738213,0.26418744050228105
62.0,5.0,78.48882241823449,0.26418744050228105
64.0,1.0,196.592969724896,0.27188222032273573
64.0,1.1,183.2663361135418,0.27188222032273573
64.0,1.2,172.16080810408,0.27188222032273573
64.0,1.3,162.76382286530458,0.27188222032273573
64.0,1.4,154.7092640892114,0.27188222032273573
64.0,1.5,147.72864648326396,0.27188222032273573
64.0,1.6,141.62060607805995,0.27188222032273573
64.0,1.7,136.2311586617035,0.27188222032273573
64.0,1.8,131.4405387360533,0.27188222032273573
64.0,1.9,127.15419459205049,0.27188222032273573
64.0,2.0,123.29648486244795,0.27188222032273573
64.0,2.1,119.80617605947424,0.27188222032273573
64.0,2.2,116.63316805677087,0.27188222032273573
64.0,2.3,113.73607379343301,0.27188222032273573
64.0,2.4,111.08040405203997,0.27188222032273573
64.0,2.5,108.63718788995837,0.27188222032273573
64.0,2.6,106.38191143265227,0.27188222032273573
64.0,2.7,104.29369249070218,0.27188222032273573
64.0,2.8,102.35463204460568,0.27188222032273573
64.0,2.9,100.54929990513651,0.27188222032273573
64.0,3.0,98.86432324163196,0.27188222032273573
64.0,3.1,97.28805474996642,0.27188222032273573
64.0,3.2,95.81030303902998,0.27188222032273573
64.0,3.3,94.42211203784724,0.27188222032273573
64.0,3.4,93.11557933085173,0.27188222032273573
64.0,3.5,91.88370563568455,0.27188222032273573
64.0,3.6,90.72026936802663,0.27188222032273573
64.0,3.7,89.61972154726917,0.27188222032273573
64.0,3.8,88.57709729602524,0.27188222032273573
64.0,3.9,87.58794095510152,0.27188222032273573
64.0,4.0,86.64824243122396,0.27188222032273573
64.0,4.1,85.7543828597307,0.27188222032273573
64.0,4.2,84.90308802973712,0.27188222032273573
64.0,4.3,84.09138830811533,0.27188222032273573
64.0,4.4,83.31658402838542,0.27188222032273573
64.0,4.5,82.5762154944213,0.27188222032273573
64.0,4.6,81.86803689671649,0.27188222032273573
64.0,4.7,81.18999355848848,0.27188222032273573
64.0,4.8,80.54020202601998,0.27188222032273573
64.0,4.9,79.91693259691752,0.27188222032273573
64.0,5.0,79.31859394497917,0.27188222032273573
66.0,1.0,200.74182735861947,0.2795770001431906
66.0,1.1,187.03802487147223,0.2795770001431906
66.0,1.2,175.6181894655162,0.2795770001431906
66.0,1.3,165.95525181432265,0.2795770001431906
66.0,1.4,157.67273382758532,0.2795770001431906
66.0,1.5,150.49455157241295,0.2795770001431906
66.0,1.6,144.21364209913713,0.2795770001431906
66.0,1.7,138.67166315212907,0.2795770001431906
66.0,1.8,133.74545964367746,0.2795770001431906
66.0,1.9,129.33780387295758,0.2795770001431906
66.0,2.0,125.37091367930971,0.2795770001431906
66.0,2.1,121.78182255172354,0.2795770001431906
66.0,2.2,118.5190124357361,0.2795770001431906
66.0,2.3,115.53992493853018,0.2795770001431906
66.0,2.4,112.80909473275808,0.2795770001431906
66.0,2.5,110.29673094344776,0.2795770001431906
66.0,2.6,107.97762590716131,0.2795770001431906
66.0,2.7,105.8303064291183,0.2795770001431906
66.0,2.8,103.83636691379265,0.2795770001431906
66.0,2.9,101.97994046848945,0.2795770001431906
66.0,3.0,100.24727578620647,0.2795770001431906
66.0,3.1,98.62639592213529,0.2795770001431906
66.0,3.2,97.10682104956857,0.2795770001431906
66.0,3.3,95.67934162382406,0.2795770001431906
66.0,3.4,94.33583157606452,0.2795770001431906
66.0,3.5,93.06909353103411,0.2795770001431906
66.0,3.6,91.87272982183872,0.2795770001431906
66.0,3.7,90.74103442124849,0.2795770001431906
66.0,3.8,89.66890193647879,0.2795770001431906
66.0,3.9,88.65175060477421,0.2795770001431906
66.0,4.0,87.68545683965485,0.2795770001431906
66.0,4.1,86.76629935576082,0.2795770001431906
66.0,4.2,85.89091127586175,0.2795770001431906
66.0,4.3,85.05623892060916,0.2795770001431906
66.0,4.4,84.25950621786805,0.2795770001431906
66.0,4.5,83.49818385747096,0.2795770001431906
66.0,4.6,82.76996246926508,0.2795770001431906
66.0,4.7,82.07272922523816,0.2795770001431906
66.0,4.8,81.40454736637903,0.2795770001431906
66.0,4.9,80.76363823645293,0.2795770001431906
66.0,5.0,80.14836547172388,0.2795770001431906
68.0,1.0,204.89068499234298,0.2872717799636454
68.0,1.1,190.8097136294027,0.2872717799636454
68.0,1.2,179.07557082695246,0.2872717799636454
68.0,1.3,169.14668076334073,0.2872717799636454
68.0,1.4,160.63620356595925,0.2872717799636454
68.0,1.5,153.26045666156196,0.2872717799636454
68.0,1.6,146.80667812021431,0.2872717799636454
68.0,1.7,141.11216764255465,0.2872717799636454
68.0,1.8,136.0503805513016,0.2872717799636454
68.0,1.9,131.52141315386467,0.2872717799636454
68.0,2.0,127.44534249617145,0.2872717799636454
68.0,2.1,123.75746904397282,0.2872717799636454
68.0,2.2,120.40485681470132,0.2872717799636454
68.0,2.3,117.34377608362735,0.2872717799636454
68.0,2.4,114.53778541347621,0.2872717799636454
68.0,2.5,111.95627399693716,0.2872717799636454
68.0,2.6,109.57334038167033,0.2872717799636454
68.0,2.7,107.3669203675344,0.2872717799636454
68.0,2.8,105.3181017829796,0.2872717799636454
68.0,2.9,103.41058103184238,0.2872717799636454
68.0,3.0,101.63022833078097,0.2872717799636454
68.0,3.1,99.96473709430416,0.2872717799636454
68.0,3.2,98.40333906010716,0.2872717799636454
68.0,3.3,96.93657120980087,0.2872717799636454
68.0,3.4,95.55608382127733,0.2872717799636454
68.0,3.5,94.25448142638368,0.2872717799636454
68.0,3.6,93.0251902756508,0.2872717799636454
68.0,3.7,91.8623472952278,0.2872717799636454
68.0,3.8,90.76070657693234,0.2872717799636454
68.0,3.9,89.7155602544469,0.2872717799636454
68.0,4.0,88.72267124808572,0.2872717799636454
68.0,4.1,87.77821585179095,0.2872717799636454
68.0,4.2,86.8787345219864,0.2872717799636454
68.0,4.3,86.021089533103,0.2872717799636454
68.0,4.4,85.20242840735065,0.2872717799636454
68.0,4.5,84.42015222052063,0.2872717799636454
68.0,4.6,83.67188804181367,0.2872717799636454
68.0,4.7,82.95546489198784,0.2872717799636454
68.0,4.8,82.2688927067381,0.2872717799636454
68.0,4.9,81.61034387598833,0.2872717799636454
68.0,5.0,80.97813699846857,0.2872717799636454
70.0,1.0,209.0395426260664,0.29496655978410014
70.0,1.1,194.5814023873331,0.29496655978410014
70.0,1.2,182.53295218838866,0.29496655978410014
70.0,1.3,172.33810971235874,0.29496655978410014
70.0,1.4,163.59967330433312,0.29496655978410014
70.0,1.5,156.02636175071092,0.29496655978410014
70.0,1.6,149.3997141412915,0.29496655978410014
70.0,1.7,143.5526721329802,0.29496655978410014
70.0,1.8,138.35530145892574,0.29496655978410014
70.0,1.9,133.70502243477176,0.29496655978410014
70.0,2.0,129.51977131303317,0.29496655978410014
70.0,2.1,125.73311553622207,0.29496655978410014
70.0,2.2,122.29070119366652,0.29496655978410014
70.0,2.3,119.1476272287245,0.29496655978410014
70.0,2.4,116.2664760941943,0.29496655978410014
70.0,2.5,113.61581705042653,0.29496655978410014
70.0,2.6,111.16905485617936,0.29496655978410014
70.0,2.7,108.9035343059505,0.29496655978410014
70.0,2.8,106.79983665216655,0.29496655978410014
70.0,2.9,104.8412215951953,0.29496655978410014
70.0,3.0,103.01318087535545,0.29496655978410014
70.0,3.1,101.30307826647301,0.29496655978410014
70.0,3.2,99.69985707064572,0.29496655978410014
70.0,3.3,98.19380079577768,0.29496655978410014
70.0,3.4,96.7763360664901,0.29496655978410014
70.0,3.5,95.43986932173323,0.29496655978410014
70.0,3.6,94.17765072946287,0.29496655978410014
70.0,3.7,92.98366016920711,0.29496655978410014
70.0,3.8,91.85251121738588,0.29496655978410014
70.0,3.9,90.77936990411956,0.29496655978410014
70.0,4.0,89.75988565651659,0.29496655978410014
70.0,4.1,88.79013234782104,0.29496655978410014
70.0,4.2,87.86655776811102,0.29496655978410014
70.0,4.3,86.98594014559683,0.29496655978410014
70.0,4.4,86.14535059683325,0.29496655978410014
70.0,4.5,85.34212058357028,0.29496655978410014
70.0,4.6,84.57381361436225,0.29496655978410014
70.0,4.7,83.83820055873753,0.29496655978410014
70.0,4.8,83.13323804709714,0.29496655978410014
70.0,4.9,82.45704951552374,0.29496655978410014
70.0,5.0,81.80790852521326,0.29496655978410014
72.0,1.0,213.1884002597899,0.30266133960455494
72.0,1.1,198.35309114526353,0.30266133960455494
72.0,1.2,185.9903335498249,0.30266133960455494
72.0,1.3,175.52953866137682,0.30266133960455494
72.0,1.4,166.56314304270705,0.30266133960455494
72.0,1.5,158.7922668398599,0.30266133960455494
72.0,1.6,151.99275016236865,0.30266133960455494
72.0,1.7,145.9931766234058,0.30266133960455494
72.0,1.8,140.6602223665499,0.30266133960455494
72.0,1.9,135.88863171567886,0.30266133960455494
72.0,2.0,131.59420012989492,0.30266133960455494
72.0,2.1,127.70876202847134,0.30266133960455494
72.0,2.2,124.17654557263174,0.30266133960455494
72.0,2.3,120.95147837382166,0.30266133960455494
72.0,2.4,117.99516677491242,0.30266133960455494
72.0,2.5,115.27536010391592,0.30266133960455494
72.0,2.6,112.76476933068838,0.30266133960455494
72.0,2.7,110.44014824436658,0.30266133960455494
72.0,2.8,108.2815715213535,0.30266133960455494
72.0,2.9,106.2718621585482,0.30266133960455494
72.0,3.0,104.39613341992992,0.30266133960455494
72.0,3.1,102.64141943864186,0.30266133960455494
72.0,3.2,100.99637508118431,0.30266133960455494
72.0,3.3,99.45103038175448,0.30266133960455494
72.0,3.4,97.99658831170288,0.30266133960455494
72.0,3.5,96.6252572170828,0.30266133960455494
72.0,3.6,95.33011118327494,0.30266133960455494
72.0,3.7,94.10497304318642,0.30266133960455494
72.0,3.8,92.94431585783941,0.30266133960455494
72.0,3.9,91.84317955379225,0.30266133960455494
72.0,4.0,90.79710006494744,0.30266133960455494
72.0,4.1,89.80204884385117,0.30266133960455494
72.0,4.2,88.85438101423566,0.30266133960455494
72.0,4.3,87.95079075809065,0.30266133960455494
72.0,4.4,87.08827278631586,0.30266133960455494
72.0,4.5,86.26408894661995,0.30266133960455494
72.0,4.6,85.47573918691083,0.30266133960455494
72.0,4.7,84.72093622548718,0.30266133960455494
72.0,4.8,83.9975833874562,0.30266133960455494
72.0,4.9,83.30375515505914,0.30266133960455494
72.0,5.0,82.63768005195796,0.30266133960455494
74.0,1.0,217.33725789351337,0.3103561194250097
74.0,1.1,202.12477990319394,0.3103561194250097
74.0,1.2,189.4477149112611,0.3103561194250097
74.0,1.3,178.72096761039487,0.3103561194250097
74.0,1.4,169.52661278108093,0.3103561194250097
74.0,1.5,161.5581719290089,0.3103561194250097
74.0,1.6,154.5857861834458,0.3103561194250097
74.0,1.7,148.43368111383137,0.3103561194250097
74.0,1.8,142.96514327417407,0.3103561194250097
74.0,1.9,138.07224099658595,0.3103561194250097
74.0,2.0,133.66862894675666,0.3103561194250097
74.0,2.1,129.6844085207206,0.3103561194250097
74.0,2.2,126.06238995159694,0.3103561194250097
74.0,2.3,122.75532951891881,0.3103561194250097
74.0,2.4,119.72385745563054,0.3103561194250097
74.0,2.5,116.9349031574053,0.3103561194250097
74.0,2.6,114.3604838051974,0.3103561194250097
74.0,2.7,111.97676218278269,0.3103561194250097
74.0,2.8,109.76330639054045,0.3103561194250097
74.0,2.9,107.70250272190113,0.3103561194250097
74.0,3.0,105.77908596450442,0.3103561194250097
74.0,3.1,103.97976061081073,0.3103561194250097
74.0,3.2,102.2928930917229,0.3103561194250097
74.0,3.3,100.7082599677313,0.3103561194250097
74.0,3.4,99.21684055691566,0.3103561194250097
74.0,3.5,97.81064511243235,0.3103561194250097
74.0,3.6,96.482571637087,0.3103561194250097
74.0,3.7,95.22628591716574,0.3103561194250097
74.0,3.8,94.03612049829296,0.3103561194250097
74.0,3.9,92.90698920346495,0.3103561194250097
74.0,4.0,91.83431447337831,0.3103561194250097
74.0,4.1,90.81396533988128,0.3103561194250097
74.0,4.2,89.84220426036029,0.3103561194250097
74.0,4.3,88.91564137058448,0.3103561194250097
74.0,4.4,88.03119497579846,0.3103561194250097
74.0,4.5,87.18605730966961,0.3103561194250097
74.0,4.6,86.3776647594594,0.3103561194250097
74.0,4.7,85.60367189223686,0.3103561194250097
74.0,4.8,84.86192872781527,0.3103561194250097
74.0,4.9,84.15046079459454,0.3103561194250097
74.0,5.0,83.46745157870265,0.3103561194250097
76.0,1.0,221.4861155272368,0.3180508992454644
76.0,1.1,205.89646866112435,0.3180508992454644
76.0,1.2,192.9050962726973,0.3180508992454644
76.0,1.3,181.91239655941288,0.3180508992454644
76.0,1.4,172.49008251945483,0.3180508992454644
76.0,1.5,164.32407701815782,0.3180508992454644
76.0,1.6,157.17882220452296,0.3180508992454644
76.0,1.7,150.87418560425692,0.3180508992454644
76.0,1.8,145.2700641817982,0.3180508992454644
76.0,1.9,140.255850277493,0.3180508992454644
76.0,2.0,135.74305776361837,0.3180508992454644
76.0,2.1,131.66005501296985,0.3180508992454644
76.0,2.2,127.94823433056214,0.3180508992454644
76.0,2.3,124.55918066401597,0.3180508992454644
76.0,2.4,121.45254813634863,0.3180508992454644
76.0,2.5,118.59444621089469,0.3180508992454644
76.0,2.6,115.95619827970643,0.3180508992454644
76.0,2.7,113.51337612119877,0.3180508992454644
76.0,2.8,111.2450412597274,0.3180508992454644
76.0,2.9,109.13314328525404,0.3180508992454644
76.0,3.0,107.1620385090789,0.3180508992454644
76.0,3.1,105.31810178297958,0.3180508992454644
76.0,3.2,103.58941110226147,0.3180508992454644
76.0,3.3,101.9654895537081,0.3180508992454644
76.0,3.4,100.43709280212843,0.3180508992454644
76.0,3.5,98.9960330077819,0.3180508992454644
76.0,3.6,97.63503209089907,0.3180508992454644
76.0,3.7,96.34759879114506,0.3180508992454644
76.0,3.8,95.12792513874649,0.3180508992454644
76.0,3.9,93.97079885313761,0.3180508992454644
76.0,4.0,92.87152888180917,0.3180508992454644
76.0,4.1,91.82588183591139,0.3180508992454644
76.0,4.2,90.83002750648492,0.3180508992454644
76.0,4.3,89.8804919830783,0.3180508992454644
76.0,4.4,88.97411716528106,0.3180508992454644
76.0,4.5,88.10802567271926,0.3180508992454644
76.0,4.6,87.27959033200798,0.3180508992454644
76.0,4.7,86.48640755898653,0.3180508992454644
76.0,4.8,85.7262740681743,0.3180508992454644
76.0,4.9,84.99716643412992,0.3180508992454644
76.0,5.0,84.29722310544733,0.3180508992454644
78.0,1.0,225.6349731609603,0.3257456790659193
78.0,1.1,209.6681574190548,0.3257456790659193
78.0,1.2,196.36247763413357,0.3257456790659193
78.0,1.3,185.10382550843096,0.3257456790659193
78.0,1.4,175.45355225782873,0.3257456790659193
78.0,1.5,167.0899821073068,0.3257456790659193
78.0,1.6,159.77185822560014,0.3257456790659193
78.0,1.7,153.31469009468248,0.3257456790659193
78.0,1.8,147.57498508942234,0.3257456790659193
78.0,1.9,142.43945955840013,0.3257456790659193
78.0,2.0,137.8174865804801,0.3257456790659193
78.0,2.1,133.63570150521915,0.3257456790659193
78.0,2.2,129.83407870952738,0.3257456790659193
78.0,2.3,126.36303180911314,0.3257456790659193
78.0,2.4,123.18123881706676,0.3257456790659193
78.0,2.5,120.25398926438407,0.3257456790659193
78.0,2.6,117.55191275421546,0.3257456790659193
78.0,2.7,115.04999005961488,0.3257456790659193
78.0,2.8,112.72677612891437,0.3257456790659193
78.0,2.9,110.56378384860696,0.3257456790659193
78.0,3.0,108.5449910536534,0.3257456790659193
78.0,3.1,106.65644295514845,0.3257456790659193
78.0,3.2,104.88592911280006,0.3257456790659193
78.0,3.3,103.2227191396849,0.3257456790659193
78.0,3.4,101.65734504734124,0.3257456790659193
78.0,3.5,100.18142090313148,0.3257456790659193
78.0,3.6,98.78749254471117,0.3257456790659193
78.0,3.7,97.46891166512438,0.3257456790659193
78.0,3.8,96.21972977920005,0.3257456790659193
78.0,3.9,95.0346085028103,0.3257456790659193
78.0,4.0,93.90874329024004,0.3257456790659193
78.0,4.1,92.8377983319415,0.3257456790659193
78.0,4.2,91.81785075260956,0.3257456790659193
78.0,4.3,90.84534259557213,0.3257456790659193
78.0,4.4,89.91703935476367,0.3257456790659193
78.0,4.5,89.02999403576892,0.3257456790659193
78.0,4.6,88.18151590455656,0.3257456790659193
78.0,4.7,87.36914322573621,0.3257456790659193
78.0,4.8,86.59061940853337,0.3257456790659193
78.0,4.9,85.84387207366534,0.3257456790659193
78.0,5.0,85.12699463219204,0.3257456790659193
80.0,1.0,229.78383079468375,0.333440458886374
80.0,1.1,213.4398461769852,0.333440458886374
80.0,1.2,199.81985899556977,0.333440458886374
80.0,1.3,188.29525445744903,0.333440458886374
80.0,1.4,178.41702199620266,0.333440458886374
80.0,1.5,169.8558871964558,0.333440458886374
80.0,1.6,162.3648942466773,0.333440458886374
80.0,1.7,155.75519458510806,0.333440458886374
80.0,1.8,149.87990599704648,0.333440458886374
80.0,1.9,144.62306883930722,0.333440458886374
80.0,2.0,139.89191539734185,0.333440458886374
80.0,2.1,135.6113479974684,0.333440458886374
80.0,2.2,131.71992308849258,0.333440458886374
80.0,2.3,128.16688295421028,0.333440458886374
80.0,2.4,124.90992949778486,0.333440458886374
80.0,2.5,121.91353231787346,0.333440458886374
80.0,2.6,119.14762722872449,0.333440458886374
80.0,2.7,116.58660399803098,0.333440458886374
80.0,2.8,114.2085109981013,0.333440458886374
80.0,2.9,111.99442441195988,0.333440458886374
80.0,3.0,109.92794359822788,0.333440458886374
80.0,3.1,107.9947841273173,0.333440458886374
80.0,3.2,106.18244712333865,0.333440458886374
80.0,3.3,104.47994872566171,0.333440458886374
80.0,3.4,102.87759729255401,0.333440458886374
80.0,3.5,101.36680879848105,0.333440458886374
80.0,3.6,99.93995299852324,0.333440458886374
80.0,3.7,98.59022453910369,0.333440458886374
80.0,3.8,97.31153441965358,0.333440458886374
80.0,3.9,96.09841815248299,0.333440458886374
80.0,4.0,94.94595769867091,0.333440458886374
80.0,4.1,93.84971482797161,0.333440458886374
80.0,4.2,92.80567399873419,0.333440458886374
80.0,4.3,91.81019320806597,0.333440458886374
80.0,4.4,90.85996154424629,0.333440458886374
80.0,4.5,89.95196239881858,0.333440458886374
80.0,4.6,89.08344147710514,0.333440458886374
80.0,4.7,88.25187889248588,0.333440458886374
80.0,4.8,87.45496474889242,0.333440458886374
80.0,4.9,86.69057771320074,0.333440458886374
80.0,5.0,85.95676615893673,0.333440458886374
82.0,1.0,233.93268842840723,0.3411352387068288
82.0,1.1,217.21153493491565,0.3411352387068288
82.0,1.2,203.277240357006,0.3411352387068288
82.0,1.3,191.48668340646708,0.3411352387068288
82.0,1.4,181.38049173457657,0.3411352387068288
82.0,1.5,172.62179228560478,0.3411352387068288
82.0,1.6,164.95793026775448,0.3411352387068288
82.0,1.7,158.19569907553364,0.3411352387068288
82.0,1.8,152.18482690467064,0.3411352387068288
82.0,1.9,146.8066781202143,0.3411352387068288
82.0,2.0,141.96634421420356,0.3411352387068288
82.0,2.1,137.5869944897177,0.3411352387068288
82.0,2.2,133.60576746745778,0.3411352387068288
82.0,2.3,129.97073409930744,0.3411352387068288
82.0,2.4,126.63862017850298,0.3411352387068288
82.0,2.5,123.57307537136285,0.3411352387068288
82.0,2.6,120.74334170323351,0.3411352387068288
82.0,2.7,118.12321793644709,0.3411352387068288
82.0,2.8,115.69024586728825,0.3411352387068288
82.0,2.9,113.42506497531281,0.3411352387068288
82.0,3.0,111.31089614280238,0.3411352387068288
82.0,3.1,109.33312529948617,0.3411352387068288
82.0,3.2,107.47896513387722,0.3411352387068288
82.0,3.3,105.73717831163853,0.3411352387068288
82.0,3.4,104.09784953776679,0.3411352387068288
82.0,3.5,102.55219669383061,0.3411352387068288
82.0,3.6,101.09241345233531,0.3411352387068288
82.0,3.7,99.71153741308301,0.3411352387068288
82.0,3.8,98.40333906010713,0.3411352387068288
82.0,3.9,97.16222780215567,0.3411352387068288
82.0,4.0,95.98317210710178,0.3411352387068288
82.0,4.1,94.86163132400173,0.3411352387068288
82.0,4.2,93.79349724485883,0.3411352387068288
82.0,4.3,92.7750438205598,0.3411352387068288
82.0,4.4,91.80288373372889,0.3411352387068288
82.0,4.5,90.87393076186825,0.3411352387068288
82.0,4.6,89.98536704965372,0.3411352387068288
82.0,4.7,89.13461455923556,0.3411352387068288
82.0,4.8,88.31931008925147,0.3411352387068288
82.0,4.9,87.53728335273614,0.3411352387068288
82.0,5.0,86.78653768568142,0.3411352387068288
84.0,1.0,238.08154606213074,0.3488300185272837
84.0,1.1,220.9832236928461,0.3488300185272837
84.0,1.2,206.73462171844224,0.3488300185272837
84.0,1.3,194.67811235548515,0.3488300185272837
84.0,1.4,184.3439614729505,0.3488300185272837
84.0,1.5,175.38769737475377,0.3488300185272837
84.0,1.6,167.55096628883166,0.3488300185272837
84.0,1.7,160.6362035659592,0.3488300185272837
84.0,1.8,154.4897478122948,0.3488300185272837
84.0,1.9,148.9902874011214,0.3488300185272837
84.0,2.0,144.04077303106533,0.3488300185272837
84.0,2.1,139.56264098196698,0.3488300185272837
84.0,2.2,135.491611846423,0.3488300185272837
84.0,2.3,131.77458524440462,0.3488300185272837
84.0,2.4,128.3673108592211,0.3488300185272837
84.0,2.5,125.23261842485225,0.3488300185272837
84.0,2.6,122.33905617774255,0.3488300185272837
84.0,2.7,119.6598318748632,0.3488300185272837
84.0,2.8,117.17198073647522,0.3488300185272837
84.0,2.9,114.85570553866573,0.3488300185272837
84.0,3.0,112.69384868737687,0.3488300185272837
84.0,3.1,110.67146647165504,0.3488300185272837
84.0,3.2,108.77548314441582,0.3488300185272837
84.0,3.3,106.99440789761533,0.3488300185272837
84.0,3.4,105.3181017829796,0.3488300185272837
84.0,3.5,103.73758458918017,0.3488300185272837
84.0,3.6,102.24487390614739,0.3488300185272837
84.0,3.7,100.83285028706233,0.3488300185272837
84.0,3.8,99.49514370056069,0.3488300185272837
84.0,3.9,98.22603745182836,0.3488300185272837
84.0,4.0,97.02038651553265,0.3488300185272837
84.0,4.1,95.87354782003186,0.3488300185272837
84.0,4.2,94.78132049098348,0.3488300185272837
84.0,4.3,93.73989443305364,0.3488300185272837
84.0,4.4,92.74580592321149,0.3488300185272837
84.0,4.5,91.79589912491791,0.3488300185272837
84.0,4.6,90.8872926222023,0.3488300185272837
84.0,4.7,90.01735022598524,0.3488300185272837
84.0,4.8,89.18365542961054,0.3488300185272837
84.0,4.9,88.38398899227155,0.3488300185272837
84.0,5.0,87.61630921242612,0.3488300185272837
86.0,1.0,242.2304036958542,0.3565247983477384
86.0,1.1,224.75491245077652,0.3565247983477384
86.0,1.2,210.19200307987848,0.3565247983477384
86.0,1.3,197.8695413045032,0.3565247983477384
86.0,1.4,187.3074312113244,0.3565247983477384
86.0,1.5,178.15360246390276,0.3565247983477384
86.0,1.6,170.14400230990884,0.3565247983477384
86.0,1.7,163.0767080563848,0.3565247983477384
86.0,1.8,156.79466871991895,0.3565247983477384
86.0,1.9,151.1738966820285,0.3565247983477384
86.0,2.0,146.11520184792704,0.3565247983477384
86.0,2.1,141.53828747421625,0.3565247983477384
86.0,2.2,137.37745622538824,0.3565247983477384
86.0,2.3,133.5784363895018,0.3565247983477384
86.0,2.4,130.0960015399392,0.3565247983477384
86.0,2.5,126.89216147834163,0.3565247983477384
86.0,2.6,123.93477065225157,0.3565247983477384
86.0,2.7,121.1964458132793,0.3565247983477384
86.0,2.8,118.65371560566217,0.3565247983477384
86.0,2.9,116.28634610201865,0.3565247983477384
86.0,3.0,114.07680123195136,0.3565247983477384
86.0,3.1,112.0098076438239,0.3565247983477384
86.0,3.2,110.07200115495439,0.3565247983477384
86.0,3.3,108.25163748359215,0.3565247983477384
86.0,3.4,106.53835402819237,0.3565247983477384
86.0,3.5,104.92297248452974,0.3565247983477384
86.0,3.6,103.39733435995947,0.3565247983477384
86.0,3.7,101.95416316104163,0.3565247983477384
86.0,3.8,100.58694834101422,0.3565247983477384
86.0,3.9,99.28984710150104,0.3565247983477384
86.0,4.0,98.05760092396352,0.3565247983477384
86.0,4.1,96.88546431606196,0.3565247983477384
86.0,4.2,95.76914373710811,0.3565247983477384
86.0,4.3,94.70474504554747,0.3565247983477384
86.0,4.4,93.68872811269411,0.3565247983477384
86.0,4.5,92.71786748796757,0.3565247983477384
86.0,4.6,91.78921819475089,0.3565247983477384
86.0,4.7,90.90008589273492,0.3565247983477384
86.0,4.8,90.0480007699696,0.3565247983477384
86.0,4.9,89.23069463180695,0.3565247983477384
86.0,5.0,88.44608073917081,0.3565247983477384
88.0,1.0,246.37926132957762,0.3642195781681931
88.0,1.1,228.5266012087069,0.3642195781681931
88.0,1.2,213.64938444131465,0.3642195781681931
88.0,1.3,201.06097025352122,0.3642195781681931
88.0,1.4,190.27090094969824,0.3642195781681931
88.0,1.5,180.91950755305172,0.3642195781681931
88.0,1.6,172.73703833098597,0.3642195781681931
88.0,1.7,165.5172125468103,0.3642195781681931
88.0,1.8,159.09958962754308,0.3642195781681931
88.0,1.9,153.35750596293553,0.3642195781681931
88.0,2.0,148.18963066478875,0.3642195781681931
88.0,2.1,143.5139339664655,0.3642195781681931
88.0,2.2,139.26330060435342,0.3642195781681931
88.0,2.3,135.3822875345989,0.3642195781681931
88.0,2.4,131.8246922206573,0.3642195781681931
88.0,2.5,128.551704531831,0.3642195781681931
88.0,2.6,125.53048512676058,0.3642195781681931
88.0,2.7,122.73305975169536,0.3642195781681931
88.0,2.8,120.13545047484911,0.3642195781681931
88.0,2.9,117.71698666537155,0.3642195781681931
88.0,3.0,115.45975377652583,0.3642195781681931
88.0,3.1,113.34814881599274,0.3642195781681931
88.0,3.2,111.36851916549297,0.3642195781681931
88.0,3.3,109.50886706956894,0.3642195781681931
88.0,3.4,107.75860627340515,0.3642195781681931
88.0,3.5,106.10836037987929,0.3642195781681931
88.0,3.6,104.54979481377153,0.3642195781681931
88.0,3.7,103.07547603502094,0.3642195781681931
88.0,3.8,101.67875298146777,0.3642195781681931
88.0,3.9,100.35365675117372,0.3642195781681931
88.0,4.0,99.09481533239438,0.3642195781681931
88.0,4.1,97.89738081209207,0.3642195781681931
88.0,4.2,96.75696698323273,0.3642195781681931
88.0,4.3,95.66959565804129,0.3642195781681931
88.0,4.4,94.6316503021767,0.3642195781681931
88.0,4.5,93.63983585101721,0.3642195781681931
88.0,4.6,92.69114376729945,0.3642195781681931
88.0,4.7,91.78282155948457,0.3642195781681931
88.0,4.8,90.91234611032864,0.3642195781681931
88.0,4.9,90.07740027134234,0.3642195781681931
88.0,5.0,89.27585226591549,0.3642195781681931
90.0,1.0,250.52811896330115,0.3719143579886481
90.0,1.1,232.2982899666374,0.3719143579886481
90.0,1.2,217.10676580275094,0.3719143579886481
90.0,1.3,204.25239920253932,0.3719143579886481
90.0,1.4,193.23437068807223,0.3719143579886481
90.0,1.5,183.68541264220073,0.3719143579886481
90.0,1.6,175.3300743520632,0.3719143579886481
90.0,1.7,167.95771703723594,0.3719143579886481
90.0,1.8,161.40451053516728,0.3719143579886481
90.0,1.9,155.54111524384268,0.3719143579886481
90.0,2.0,150.26405948165052,0.3719143579886481
90.0,2.1,145.48958045871478,0.3719143579886481
90.0,2.2,141.14914498331865,0.3719143579886481
90.0,2.3,137.1861386796961,0.3719143579886481
90.0,2.4,133.55338290137544,0.3719143579886481
90.0,2.5,130.21124758532042,0.3719143579886481
90.0,2.6,127.12619960126963,0.3719143579886481
90.0,2.7,124.2696736901115,0.3719143579886481
90.0,2.8,121.61718534403609,0.3719143579886481
90.0,2.9,119.1476272287245,0.3719143579886481
90.0,3.0,116.84270632110035,0.3719143579886481
90.0,3.1,114.68648998816163,0.3719143579886481
90.0,3.2,112.66503717603157,0.3719143579886481
90.0,3.3,110.76609665554577,0.3719143579886481
90.0,3.4,108.97885851861795,0.3719143579886481
90.0,3.5,107.29374827522886,0.3719143579886481
90.0,3.6,105.70225526758362,0.3719143579886481
90.0,3.7,104.19678890900028,0.3719143579886481
90.0,3.8,102.77055762192133,0.3719143579886481
90.0,3.9,101.41746640084642,0.3719143579886481
90.0,4.0,100.13202974082526,0.3719143579886481
90.0,4.1,98.9092973081222,0.3719143579886481
90.0,4.2,97.74479022935739,0.3719143579886481
90.0,4.3,96.63444627053514,0.3719143579886481
90.0,4.4,95.57457249165932,0.3719143579886481
90.0,4.5,94.56180421406688,0.3719143579886481
90.0,4.6,93.59306933984806,0.3719143579886481
90.0,4.7,92.66555722623426,0.3719143579886481
90.0,4.8,91.77669145068771,0.3719143579886481
90.0,4.9,90.92410591087776,0.3719143579886481
90.0,5.0,90.1056237926602,0.3719143579886481
92.0,1.0,254.67697659702463,0.3796091378091028
92.0,1.1,236.06997872456785,0.3796091378091028
92.0,1.2,220.56414716418718,0.3796091378091028
92.0,1.3,207.44382815155737,0.3796091378091028
92.0,1.4,196.19784042644613,0.3796091378091028
92.0,1.5,186.45131773134972,0.3796091378091028
92.0,1.6,177.92311037314033,0.3796091378091028
92.0,1.7,170.39822152766152,0.3796091378091028
92.0,1.8,163.7094314427914,0.3796091378091028
92.0,1.9,157.72472452474977,0.3796091378091028
92.0,2.0,152.3384882985123,0.3796091378091028
92.0,2.1,147.46522695096405,0.3796091378091028
92.0,2.2,143.03498936228388,0.3796091378091028
92.0,2.3,138.98998982479327,0.3796091378091028
92.0,2.4,135.28207358209357,0.3796091378091028
92.0,2.5,131.8707906388098,0.3796091378091028
92.0,2.6,128.72191407577867,0.3796091378091028
92.0,2.7,125.8062876285276,0.3796091378091028
92.0,2.8,123.09892021322304,0.3796091378091028
92.0,2.9,120.57826779207743,0.3796091378091028
92.0,3.0,118.22565886567484,0.3796091378091028
92.0,3.1,116.02483116033049,0.3796091378091028
92.0,3.2,113.96155518657017,0.3796091378091028
92.0,3.3,112.02332624152257,0.3796091378091028
92.0,3.4,110.19911076383073,0.3796091378091028
92.0,3.5,108.47913617057843,0.3796091378091028
92.0,3.6,106.85471572139569,0.3796091378091028
92.0,3.7,105.3181017829796,0.3796091378091028
92.0,3.8,103.86236226237486,0.3796091378091028
92.0,3.9,102.4812760505191,0.3796091378091028
92.0,4.0,101.16924414925612,0.3796091378091028
92.0,4.1,99.9212138041523,0.3796091378091028
92.0,4.2,98.73261347548203,0.3796091378091028
92.0,4.3,97.59929688302896,0.3796091378091028
92.0,4.4,96.51749468114193,0.3796091378091028
92.0,4.5,95.48377257711655,0.3796091378091028
92.0,4.6,94.49499491239663,0.3796091378091028
92.0,4.7,93.54829289298394,0.3796091378091028
92.0,4.8,92.64103679104676,0.3796091378091028
92.0,4.9,91.77081155041316,0.3796091378091028
92.0,5.0,90.9353953194049,0.3796091378091028
94.0,1.0,258.82583423074806,0.3873039176295575
94.0,1.1,239.8416674824982,0.3873039176295575
94.0,1.2,224.02152852562335,0.3873039176295575
94.0,1.3,210.6352571005754,0.3873039176295575
94.0,1.4,199.16131016482,0.3873039176295575
94.0,1.5,189.21722282049865,0.3873039176295575
94.0,1.6,180.5161463942175,0.3873039176295575
94.0,1.7,172.83872601808704,0.3873039176295575
94.0,1.8,166.01435235041555,0.3873039176295575
94.0,1.9,159.9083338056568,0.3873039176295575
94.0,2.0,154.41291711537397,0.3873039176295575
94.0,2.1,149.44087344321332,0.3873039176295575
94.0,2.2,144.92083374124906,0.3873039176295575
94.0,2.3,140.79384096989043,0.3873039176295575
94.0,2.4,137.01076426281165,0.3873039176295575
94.0,2.5,133.53033369229917,0.3873039176295575
94.0,2.6,130.31762855028768,0.3873039176295575
94.0,2.7,127.34290156694368,0.3873039176295575
94.0,2.8,124.58065508240998,0.3873039176295575
94.0,2.9,122.00890835543032,0.3873039176295575
94.0,3.0,119.60861141024931,0.3873039176295575
94.0,3.1,117.36317233249933,0.3873039176295575
94.0,3.2,115.25807319710873,0.3873039176295575
94.0,3.3,113.28055582749937,0.3873039176295575
94.0,3.4,111.41936300904351,0.3873039176295575
94.0,3.5,109.66452406592798,0.3873039176295575
94.0,3.6,108.00717617520775,0.3873039176295575
94.0,3.7,106.43941465695889,0.3873039176295575
94.0,3.8,104.9541669028284,0.3873039176295575
94.0,3.9,103.54508570019178,0.3873039176295575
94.0,4.0,102.20645855768697,0.3873039176295575
94.0,4.1,100.93313030018241,0.3873039176295575
94.0,4.2,99.72043672160665,0.3873039176295575
94.0,4.3,98.56414749552277,0.3873039176295575
94.0,4.4,97.46041687062453,0.3873039176295575
94.0,4.5,96.4057409401662,0.3873039176295575
94.0,4.6,95.3969204849452,0.3873039176295575
94.0,4.7,94.43102855973359,0.3873039176295575
94.0,4.8,93.50538213140581,0.3873039176295575
94.0,4.9,92.61751718994856,0.3873039176295575
94.0,5.0,91.76516684614958,0.3873039176295575
96.0,1.0,262.97469186447154,0.39499869745001237
96.0,1.1,243.61335624042866,0.39499869745001237
96.0,1.2,227.4789098870596,0.39499869745001237
96.0,1.3,213.82668604959346,0.39499869745001237
96.0,1.4,202.1247799031939,0.39499869745001237
96.0,1.5,191.98312790964766,0.39499869745001237
96.0,1.6,183.10918241529467,0.39499869745001237
96.0,1.7,175.27923050851263,0.39499869745001237
96.0,1.8,168.3192732580397,0.39499869745001237
96.0,1.9,162.09194308656393,0.39499869745001237
96.0,2.0,156.4873459322357,0.39499869745001237
96.0,2.1,151.4165199354626,0.39499869745001237
96.0,2.2,146.8066781202143,0.39499869745001237
96.0,2.3,142.59769211498758,0.39499869745001237
96.0,2.4,138.73945494352978,0.39499869745001237
96.0,2.5,135.18987674578858,0.39499869745001237
96.0,2.6,131.9133430247967,0.39499869745001237
96.0,2.7,128.8795155053598,0.39499869745001237
96.0,2.8,126.06238995159694,0.39499869745001237
96.0,2.9,123.43954891878325,0.39499869745001237
96.0,3.0,120.9915639548238,0.39499869745001237
96.0,3.1,118.7015135046682,0.39499869745001237
96.0,3.2,116.55459120764732,0.39499869745001237
96.0,3.3,114.53778541347619,0.39499869745001237
96.0,3.4,112.6396152542563,0.39499869745001237
96.0,3.5,110.84991196127754,0.39499869745001237
96.0,3.6,109.15963662901984,0.39499869745001237
96.0,3.7,107.56072753093821,0.39499869745001237
96.0,3.8,106.04597154328195,0.39499869745001237
96.0,3.9,104.60889534986447,0.39499869745001237
96.0,4.0,103.24367296611786,0.39499869745001237
96.0,4.1,101.94504679621252,0.39499869745001237
96.0,4.2,100.7082599677313,0.39499869745001237
96.0,4.3,99.52899810801661,0.39499869745001237
96.0,4.4,98.40333906010713,0.39499869745001237
96.0,4.5,97.32770930321587,0.39499869745001237
96.0,4.6,96.29884605749379,0.39499869745001237
96.0,4.7,95.31376422648327,0.39499869745001237
96.0,4.8,94.36972747176488,0.39499869745001237
96.0,4.9,93.46422282948396,0.39499869745001237
96.0,5.0,92.59493837289428,0.39499869745001237
98.0,1.0,267.123549498195,0.4026934772704671
98.0,1.1,247.3850449983591,0.4026934772704671
98.0,1.2,230.93629124849582,0.4026934772704671
98.0,1.3,217.0181149986115,0.4026934772704671
98.0,1.4,205.0882496415678,0.4026934772704671
98.0,1.5,194.74903299879662,0.4026934772704671
98.0,1.6,185.70221843637185,0.4026934772704671
98.0,1.7,177.71973499893818,0.4026934772704671
98.0,1.8,170.62419416566385,0.4026934772704671
98.0,1.9,164.275552367471,0.4026934772704671
98.0,2.0,158.56177474909745,0.4026934772704671
98.0,2.1,153.39216642771186,0.4026934772704671
98.0,2.2,148.69252249917952,0.4026934772704671
98.0,2.3,144.40154326008474,0.4026934772704671
98.0,2.4,140.46814562424788,0.4026934772704671
98.0,2.5,136.84941979927794,0.4026934772704671
98.0,2.6,133.50905749930573,0.4026934772704671
98.0,2.7,130.4161294437759,0.4026934772704671
98.0,2.8,127.54412482078389,0.4026934772704671
98.0,2.9,124.87018948213617,0.4026934772704671
98.0,3.0,122.3745164993983,0.4026934772704671
98.0,3.1,120.03985467683705,0.4026934772704671
98.0,3.2,117.8511092181859,0.4026934772704671
98.0,3.3,115.79501499945299,0.4026934772704671
98.0,3.4,113.85986749946909,0.4026934772704671
98.0,3.5,112.0352998566271,0.4026934772704671
98.0,3.6,110.31209708283191,0.4026934772704671
98.0,3.7,108.68204040491753,0.4026934772704671
98.0,3.8,107.1377761837355,0.4026934772704671
98.0,3.9,105.67270499953715,0.4026934772704671
98.0,4.0,104.28088737454871,0.4026934772704671
98.0,4.1,102.95696329224265,0.4026934772704671
98.0,4.2,101.69608321385593,0.4026934772704671
98.0,4.3,100.49384872051044,0.4026934772704671
98.0,4.4,99.34626124958974,0.4026934772704671
98.0,4.5,98.24967766626551,0.4026934772704671
98.0,4.6,97.20077163004237,0.4026934772704671
98.0,4.7,96.19649989323295,0.4026934772704671
98.0,4.8,95.23407281212393,0.4026934772704671
98.0,4.9,94.31092846901936,0.4026934772704671
98.0,5.0,93.42470989963897,0.4026934772704671
100.0,1.0,270.1620125681013,0.408328836778942
100.0,1.1,250.14728415281934,0.408328836778942
100.0,1.2,233.46834380675105,0.408328836778942
100.0,1.3,219.35539428315482,0.408328836778942
100.0,1.4,207.2585804057866,0.408328836778942
100.0,1.5,196.77467504540084,0.408328836778942
100.0,1.6,187.60125785506327,0.408328836778942
100.0,1.7,179.50706621653012,0.408328836778942
100.0,1.8,172.31222920450068,0.408328836778942
100.0,1.9,165.87474345689537,0.408328836778942
100.0,2.0,160.0810062840506,0.408328836778942
100.0,2.1,154.83905360385774,0.408328836778942
100.0,2.2,150.07364207640964,0.408328836778942
100.0,2.3,145.722614160044,0.408328836778942
100.0,2.4,141.7341719033755,0.408328836778942
100.0,2.5,138.06480502724048,0.408328836778942
100.0,2.6,134.67769714157737,0.408328836778942
100.0,2.7,131.5414861363338,0.408328836778942
100.0,2.8,128.6292902028933,0.408328836778942
100.0,2.9,125.91793536831075,0.408328836778942
100.0,3.0,123.38733752270039,0.408328836778942
100.0,3.1,121.02000405422619,0.408328836778942
100.0,3.2,118.80062892753162,0.408328836778942
100.0,3.3,116.71576138427308,0.408328836778942
100.0,3.4,114.75353310826505,0.408328836778942
100.0,3.5,112.90343216231463,0.408328836778942
100.0,3.6,111.15611460225033,0.408328836778942
100.0,3.7,109.50324664002734,0.408328836778942
100.0,3.8,107.93737172844767,0.408328836778942
100.0,3.9,106.45179809438491,0.408328836778942
100.0,4.0,105.04050314202529,0.408328836778942
100.0,4.1,103.69805184587833,0.408328836778942
100.0,4.2,102.41952680192884,0.408328836778942
100.0,4.3,101.2004680390933,0.408328836778942
100.0,4.4,100.0368210382048,0.408328836778942
100.0,4.5,98.92489168180026,0.408328836778942
100.0,4.6,97.86130708002199,0.408328836778942
100.0,4.7,96.84298139746834,0.408328836778942
100.0,4.8,95.86708595168774,0.408328836778942
100.0,4.9,94.93102297308187,0.408328836778942
100.0,5.0,94.03240251362023,0.408328836778942
